1	Ciuitas Hierusalem habens portas maiores VI absque posticia, id est porta Beniamin exiens ad Iordanem, habens ab Hiericho milia XVIII; inde ad Iordanem milia VII. De Hiericho usque Galgala miliario uno. lbi est ager Domini, ubi dominus Ihesus Christus unum sulcum de manu sua arauit; ibi sunt duodecim lapides, quos leuauerunt filii Israel de Iordane. De Hiericho usque ad fontem Helysaei milia II; ibi erat domus Raab publicanae. quae excepit exploratores. 
2	Item de Hierusalem usque in Bethsaida milia XII, in qua Bethsaida uidit lacob in somnis angelos ascendentes et descendentes de caelo. De Bethsaida usque in Samaria, quae dicitur modo Neapolis, milia XVIII. Ibi est puteus, quem fabricauit Iacob, ibi sunt ossa sancti Ioseph. De Samaria usque in Sebastea milia VI, ubi domnus Iohannes decollatus est. De Sebastea usque in Scitopolim milia XXX; ibi domnus Basilius martyrizatus est. De Scitopoli usque ad mare Tyberiadis milia XXIIII, ibi domnus Iesus Christus pedibus ambulauit. De Tyberiada usque Magdale, ubi domna Maria nata est, 1 portas] porticia G postica H poaticia om. G 2 idem GH portam G iericho H 3 XVII H VI G dericho H usque ad H usque in G 4 mil. I H miliarium unum G dom. noster G 5 de sua manu H 6 labides G eleuauerunt H israhel H iordanem G 7 montem P elysei H helisei G 8 publicane meretricis H qui HP 1, que corr. 2. m. P 9 mil. I H 10 Beth. ibi uidit G angelos dei G aogelus in somnis H 12 modo om. H naphulis H XXVIII P XXVIIII H 13 sancti om. H usque-IS Sebastea om, H 14 et 15 sebastaea G 15 cynopolim PG settopolim H ibi—martyr. est om. H ubi G 16 passus eat G settopolim H cinopoli G ad mare om. P tyberiada P tibiriadis H tibiriade G 17 dominus semper H, plerunique G ihesus H om. G ambulauit pedibus super maro H 18 tibiriade H tibiriada ad mare G usque ad H Magdaline G domna] sancta H est nata H milia II. De Magdale usque ad septem fontes, ubi domnus Christus baptizauit apostolos, milia II, ubi et saturauit populum de quinque panibus et duobus piscibus. De septem fontibus usque in Capharnaum milia II. De Capharnaum usque Bethsaida milia VI, ubi nati sunt apostoli Petrus, Andreas, Philippus et filii Zebedaei. De Bethsaida usque in Paniada milia L; inde exit Iordanis de duo loca Ior et Dan. Ipsa Paniada in medio mittent et subtus ciuitate coniungunt ad pare et abinde accepit nomen Iordanis; inde fuit mulier, quam domnus Christus liberauit de fluxu sanguinis, nomen ipsius mulieris Mariosa; ibi est statua Domni electrina, quam ipsa Mariosa fecit. Ibi habet capud mons Libanus. 
3	 De porta Purgu usque ubi pugnauit Dauid cum Golia in monte Buzana, quod interpretatur lucerna, milia XV. De Buzana usque Eleuteropoli milia XV. De Eleuteropoli usque in loco, ubi requiescit sanctus Zacharias, milia VI, et de ipso loco usque ad Ascalona milia XX. De Ascalona usque ad Gaza milia XII. Inter Ascalonam et Gazam ciuitates duas, id est Antedona et Maioma. De Gaza usque ad Rafia milia XXIIII. De Rafia usque ad Betuliam, ubi Olofernis mortuus est, milia XII. 1 V H magdalo G fontanas G 2 christos] ihesus H apostlos G apostolus baptizauit H ibi HG et om. H Batirauit G populo G 3 duos H piscis G fontanas G 4 Capharnaum milianeque om. H capharnau G usque in G 5 VII H ibi H apoatli G 6 et om. H beniada H phaniada G milia om. P 7 eziet H duobus locis corr. 2. m. P phaniada G 8 sub H iungit G adparet et HP adpare omisso et G abinde dicitur quia de ipsis duobus G 9 aceipit H nomen om. H iordanem G ihesus christua HG 11 marosa H ex alfiappousa corruptum uidetur, cf. Litt. Centralbl. 1882 p. 595 eletrina P 1 G in aecclesia add. H 12 ubi G capud P 1, corr. 2. m. libarius PG, corr. 2. m. P 13 porta P pargius H pyrgu em. Gildemeister buzin usqui G ubi-Golia om. H 14 montemlf quia ex quod corr. 2. m. P posi XV add. H: ibi pugnanit dauid cum golia 15 bizina G eleotopori P eleotupori H eleutropori G de eUotopori PH 16 locum GH iacet 2. m. add. P et om. GH 17 ad om. H usque in G milia XX—Ascalona om. H et usque Gaza H 18 gaza G In antionoda PHG mazoma PH usque raphidon H XXVII H 20 de raphidon H de arafia usqui G ad om. H oliferni G 
4	De Hierusalem usque in Silona, ubi fuit area testamenti Domni, milia VIIII. De Silona usque Emmau, quae nunc Nicopolis dicitur, milia VIIII, in qua Emmau sanctus Cleopas cognouit Domnum in confractione panis; ibi et martyrium pertulit. De Emmau usque in Diospolim milia XII, ubi sanctus Georgius martyrizatus est; ibi et corpus eius est et multa mirabilia fiunt. De Diospoli in Ioppen milia XII, ubi sanctus Petrus resuscitauit sanctam Tabitam; ibi et cetus iactauit se uicto Ionam. De Ioppe ad Caesaream Palaestinae milia XXX; ibi baptizatus est domnus Cornelius a domno Petro et martyrizatus est. De Caesarea usque in Diocaesarea milia XXX; inde fuit Symon magus. De Diocaesarea usque in Canan Galileae milia V. De Diocaesarea usque in Nazareth milia V. De Nazareth in syce Taburi milia VII; ibi Domnus post resurrectionem apostolis apparuit. 
5	De Hierusalem usque ubi baptizauit domnus Philippus eunuchum milia XVI. Inde usque Terebintum, quod appellatur ilex Mambre, milia II. De Terebinto usque ad speluncam 1 in om. H 1 et 2 sidona P sinoda H sydonia G ibi H archa H 2 VIII H usqui G imman P 1, emmau corr. 2. m. . in amaum H inmau G qui PH 3 neapolis H miliaria V G VIII H 3 et 5 immau Pl. . emmau eorr. 2. m., amau H inmau G cleophas H 4 fraccione H et ibi G 5 protulit G diopolim PH diospoli G ibi H 6 Gregorius H passus est G est om. H et om. G 7 diopoli H usque in G i >ppe G iopen H ibi H 8 suscitauit H sancta tauitaPJ, b ex u corr. 2. m., Tab. resuse. G et ibi coetus MagnUS euomuit ionam G 9 seuictiuona P sanctum Ionam colli, Gildemeister iopen H usque ad H paleBtinam P 10 domnus] sancto G om. H domno] eancto H om. G 11 ibi et martyrium cepit G cesaria H usque in cesaria G 12 magos H De Diocaesarea-Galilaeae milia V om. G 12 et 13 diocesaria H 13 chana P in om. H 14 in sycetaburi P 1, usque 2. m. add., usque thaburi H in sice taburi G in uico Tabor coni. Sittl, Burs. Jahresb. 1889, p. 66, ipse conieci: ltabyrium ubi H 15 aparuit apostolis H 16 usque om. H ubi philippus baptizauit H 17 mil. XII H usque ad H usqai in ilicem G therebintum P 18 elecem P 1, ilicem corr. 2. m . appellatur tereuetitu G mil. V H therebinto P terrebintum H epelunca P 1, speluncam corr. 2. m . duplicem, ubi requiescunt patriarchae, milia IIII. De spelunca duplice usque in Cebron milia II, ubi habitauit sanctus Dauid septem annis, quando fugiebat ante Saul. 
6	 De Hierusalem in Ramatha, ubi requiescit Samuhel, milia V. De Hierusalem usque ubi habitauit sancta Elisabeth mater domni Iohannis Baptistae milia V. De Hierusalem usque Anato, ubi natus est domnus Hieremias propheta, ubi et requiescit, milia VI. De Hierusalem usque Bethania milia II, ubi resuscitauit domnus Christus Lazarum. De Hierusalem usque in montem Oliueti, quod scribitur, stadia septem miliario uno; inde domnus ascendit in caelos; ibi sunt fabricatas numero XXIIII ecclesias. De monte Oliueti usque in uico Hermippo, ubi dormiuit Abdimelech sub arbore ficus annis XLVI, miliario uno, qui Abdimelech discipulus fuit sancti Hieremiae; ibi fuit Baruc propheta. 
7	 In ciuitate Hierusalem ad sepulcrum Domini ibi est Caluariae locus; ibi Abraham obtulit filium suum holocaustum, et quia mons petreus est, in ipso monte, hoc est ad pedem montis ipsius, fecit Abraham altario; super altare eminet mons, ad 1 ibi H nbi-duplice om. G VII H 2 ebron H ibi H nbi- Dauid om. G 3 annos H fugiebant Pl, fugiebat corr. 2. m . 4 usque in G rahama P rachama H hubi H ibi G samuel H 5 hubi omisso usque H habitauit om. G sancta om. H belyaabeth P helisabeth G 6 domni om. G sancti H 7 anato P 1, anatoth corr. 2. m. . nabo H usque ad anatoth G hubi H est domnus om. H profeta G 8 in bethania H usque in bethania G 9 euscitauit G ihesus H 10 usque ad G monte P 1, montem corr. 2. m . scribetur P mil. IH 11 in celia [-osHJ ascendit GH ubi H fabricatas P1, fabricatae corr. 2. m. P fabricate HG 12 ecclesie numero XXIIll G. aecclesias HP 1, aecclesiae corr. 2. m. P (semper cum littera ae) uicum ertoipholi H 13 abimelech codd. abdimelech Gildemeister XLIII H 14 mil. I H quia abimelec H 15 hubi H (et sic saepe) baruch G absconsus in spelunca add. G 16 intra ciuitatem hierosolimam G sepulchrum H (et sic semper) hubi est H 17 ubi abraam G hubi habraham optulit H holochaustum P in holocaustum G et que H 18 est om. H oc H pedes montes H 19 altario P 1, altarium corr. 2. m, altarium G abraham fecit altaria H et super G subtus H altare om. H quem montem per grados scalatur; ibi Dominus crucifixus est. De sepulcro Domni usque ad Caluariae locum sunt passus numero XV; sub uno tecto est. De Caluariae locum usque in Golgotha passus numero XV, ubi crux Domni inuenta est. De Golgotha usque in sancta Sion passi numero CC, quae est mater omnium ecclesiarum; quam Sion domnus noster Christus cum apostolis fundauit. Ipsa fuit domus sancti Marci euangelistae. De sancta Sion ad domum Caiphae, quae est modo ecclesia sancti Petri, sunt plus minus passi numero L. De domo Caiphae ad praetorium Pilati plus minus passi numero C; ibi est ecclesia sanctae Sophiae; iuxta se missus est sanctus Hieremias in lacum. Columna, quae fuit in domo Caiphae, ad quam domnus Christus flagellatus est, modo in sancta Sion iusso Domni ipsa columna secuta est, et quomodo eam, dum flagellaretur, amplexauit, sicut in cera sic brachia eius, manus uel digiti in eam haeserunt et hodie paret, sed et facies omnis, mentus, nasus uel oculi eius sicut in caera designauit. 
8	Sanctus Stephanus foras porta Galilaeae lapidatus est; ibi et ecclesia eius est, quam fabricauit domna Eudocia uxor 1 grados Pl, gradus G corr. 2. m. P collocatnr P colator H collatur G scalatar coniecit Gildemeister ubi H 2 usque ad H usque in G sant om. G passi P 1 H, passus corr. 2. m. P 8 Bub-l. 4 XV om. H tectae sunt totam eum G locum P 1, loco corr. 2. m. P 4 golgotha P1, golgotham G corr. 2, m. P post inuenta est add. G: que golgotha eclisia dicitur ecclesia est 5 gulgota H usque ad G sanctam GH pass P passi H passus sunt CC post ecclesiarum G 6 mater est H ihesus Christua HG 7 fuit] suntlf marchi H euangelistae P 8 sancta om. H ayon G usque ad G cayphe G qui P 9 eclisia G aecclesiae H sunt inter G plus minus om. H pass P passi H 10 usque ad GH preturium H plus minus om. H pass P 11 ecclesiae Pl, ecclesia corr. 2. m . sanctae om. P sancti eusebie H hibi missus fuit H sanctus om. H 12 hieremias propheta H in lacu G ibi est columna H 13 ihesus christas G syon GH iusso P 1, iussu corr. 2. m. P, GH 15 flagelaretur H brachii H manusque G 16 digita G in eum H et hodie-designauit om. H fax P facies eius G 17 mentum corr. 2. m. P 18 sanctus uero stefanus G foris portas H est om. H 19 et om. H est cm. H domna om. H eudochia G theodosia PH Theodosii imperatoris. Piscina Siloe a lacu, ubi missus est Hieremias propheta, habet passus numero C, quae piscina intra murum est. De domo Pilati usque ad piscinam probaticam passus plus minus numero C. Ibi domnus Christus paralyticum curauit, cuius lectus adhuc ibi est. Iuxta piscinam probaticam ibi est ecclesia domnae Mariae. 
9	 Sanctus Iacobus, quem Dominus manu sua episcopum ordinauit, post ascensum Domni de pinna templi praecipitatus est et nihil ei nocuit, sed fullo eum de uecte, in quo res portare consueuerat, occidit et positus est in monte Oliueti. Ipse sanctus Iacobus et sanctus Zacharias et sanctus Symeon in nna memoria positi sunt, quam memoriam ipse sanctus Iacobus fabricauit, corpora eorum ipse ibi recondidit et se ibi cam eis praecipit poni. 
10	 Ibi est uallis Iosaphat; ibi Domnum ludas tradidit. Ibi est ecclesia domnae Mariae matris Domini; ibi et Dominus lauit pedes discipulorum, ibi et cenauit; ibi sunt quattuor accubita, ubi Domnus cum apostolis ipse medius accubuit, quae accubita ternos homines recipiunt. Modo aliquanti pro religiositate ibi cum uenerint, excepto carnis ibi cibaria sua 1 theudosi G syloe H loco H locum G 2 profetn G propheta in lacum H piscina om. H 3 murus G piecina G probatici GHP 1, probaticam corr. 2. m. P 4 plus minus om. H hubi dominus ihesus christus H 5 item in probatica G 6 idem aecclesia sanctae M. H matris domini add. G 7 ubi sanctum iacobum dominus G iacob H 8 qui post ascensionem H ascensu G piscina P, sed corr. ead. m . pro pinna G proiectus H iactatua G 9 nichil H ei om. G 10 portabat G occidit eum H montem G 11 sanctus iacob G om. H simeon P 12 memoria H 13 fabricanerat G illorum GH hubi H recondedit GH ubi H HpcpitPl. I . e 2. m. superscr . poni praecepit G 15 ubi dom. H iudas dominum G 16 ecclesiae HP 1, ecclesia corr. 2, m. P domnae om. G sancte H ubi dominus H 17 et ibi cenauit G trium occubita H ibi G 18 apostlis G discipulis H ipse medius om. G medios P 1, medius corr. 2. m . recumbebat G qua HP 19 ternus H ferunt et modo G cum pro H 20 dum G excepta (ut uidetur) G ibi om. G cybaria P ibi commedunt G comedere delectantur et accendent luminaria, ubi ipse Domnus apostolis pedes lauit, quia ipse locus in spelunca est, et descendent ibi modo CC monachi. 
11	A pinna templi subtus monasterium est de casas, et quando aliqua earum de saeculo transierit, ibi intus in monasterio ipso deponitur, et a quo illuc intrauerint, usque dum uiuunt, inde non exeunt. Quando aliqua de sanctimonialibus illuc conuerti uoluerit aut aliqua poenitens, huic tantummodo ipsas portas aperiuntur, nam semper clausae sunt, et uictualia eis per muros deponuntur, nam aquam ibi in cisternas habent. 
12	Ciuitas Cersona, quae est ad mare Pontum; ibi domnus Clemens martyrizatus est. In mari t memoriam eius cum corpus missus est. Cui domno Clementi anchora ad collum ligata est, et modo in natale eius omnes in barcas ascendunt populus et sacerdotes, et dum ibi uenerint, maris desiccat milia VI, et ubi ipsa arca est, tenduntur super se papiliones et ponitur altaris et per octo dies ibi missas celebrantur et multa mirabilia ibi Domnus facit. Ibi daemonia excluduntur, Si quis uero de uexaticis ad ipsam anchoram adtingere potuerit et eam tetigerit, statim liberatur. 1 commedere dilectantur il accendentP 1, accendunt HG corr. 2, m. P 2 pedes apostolorum lauabit H que H descendent P 1 H, descendunt corr. 2. m. P, discendent G 4 monaaterii P 1, monasterium corr. 2 . m. P est monasteriiiB puellarum G est om. H casta P 5 aliqui H eorum PH in ipso monasterio H 6 reponitur HG illud H intrauerit G uiuit G 7 inde non permittitur exire G quando uero G sanctemonialibus H 8 huc P 1, huic corr. 2. m . hoc G tantum H 9 portas ipsas H erunt H 10 murum H deponitur GH aquas H ibi om. H aqua uero de cisterna auriuntur G Eic desinit codex H 11 Item ciuitas G mari pontu P1 . maris pontum corr. 2. m. P 12 in mari passus est et memoria eius una cum corpus missum est in mari G quo corpus coni. Sittl ubi corpus Gildemeister 13 cui et anchora ad collum legata G 14 eius sacerdotes et omnes populos per barcas ueniunt G 15 maris P 1, mare corr. 2. tn. P recedit maria per milia VI G 16 et ubi ipsa area est om. G super extenditur tentorius G 17 altare G 18 ostendit G expelluntur G 19 deueiatiens qui ueniunt G de ipsis P 20 liberabitur G 
13	 De Cersona usque in Sinope, ubi domnus Andreas liberauit domnum Mattheum euangelistam de carcere... Quae Sinope illo tempore Myrmidona dicebatur, et omnes, qui ibi manebant, homines pares suos comedebant; nam modo tanta misericordia ibi est, ut ad stratas sedeant per peregrinos suscipiendos. Inde iam Armenia est. 
14	 In Aegypto ciuitas Memphis, ubi Pharao manebat, ubi et Ioseph in carcere missus fuerat; ibi sunt monasteria duo: unum est religionis Wandalorum et aliud Romanorum, hoc est Wandalorum sancti Hieremiae, Romanorum sancti Apolloni heremitae. 
15	 Caesarea Cappadociae, ibi est sanctus Mammes heremita et martyr, qui mulsit agrestia et fecit caseum, et sanctus Mercurius martyr. In ipsa prouincia est ciuitas Sebastea, ubi sunt numero XL martyres, quae est in prouincia Cappadociae. Ciuitas Gangra, ibi est sanctus martyr Galenicus, quae est in prouincia Galatiae. Ciuitas Euchaita, ubi est sanctus martyr Theodorus, quae est in prouincia Galatiae. Ciuitas Anquira, quae est in prouincia Galatiae, ubi est sanctus Platon martyr. 
16	 De montes Armeniae exeunt flumina duo, Tygris et Eufrates, et inrigat Tygris terras Assyriorum, et Eufrata inrigat terras Mesopotamiae, Phison autem inrigat omnem terram Aethiopiae 1 Item de G synope G 2 numerus milium intereidisse uidetur synope G 3 mermidona G Myrmiciona Gildemeister 5 per om. P 6 iam est arm. G Aimoenia GP 7 Item in Aegypto est G Et in Aegypto P memphi P memfis G ibi et G 8 duo monasteria G 9 unas P alius P atiat G hoc est om. G 10 uandalorum est G 12 Item cesaria G męmmes P, corr. ead. lit, 14 prouintia P, sic semper sebastia G 15 martires numero XL G Item in prouincia cappadocia est ciuitas que uocatur G 16 galenicus martyr G, nomen corruptum ex Callinicus 17 Item in prouincia galacia est ciuitae G euacita GP Euchaita Gildemeister 18 thedorus P 1, theodorus corr. 2. m., deudorua martyr G Item in prouincia galatia est G 19 quae -Galatiae om. G ploton GP 21 montes GP 1, montibus corr. 2. m. P duo flumina G eufrata Pl . es 2. man, add. P et perexit ad Aegyptum, Geon inrigat terram Euilath et transit iuxta Hierusalem. 
17	De monte Oliueti ascendit Domnus in caelis et ibi prope est spelunca, quae dicitur Matzi, quod interpretatur discipulorum, ubi Domnus, quando praedicabat in Hierusalem, requiescebat. [Ibi sanctus Ioannes euangelista super pectus Domini recumbebat.] 
18	Ager Domini, qui est in Galgala, inrigat<ur) de fonte Helisaei, ferit plus minus modios sex, aratur mense Augusto medius ipse ager et occurrit ad pascham, et in cena Domni et pascha communicatur, et alia medietas, cum illud sectum fuerit, aratur et cum alia messe occurrit; ibi est et uitis. quam Domnus posuit, quae uitis in Pentecosten fructum dat et inde communicatur Constantinopolim et exinde tam de agro quam de uite transmittitur suo quoque tempore. 
19	Ciuitas Leuiada trans Iordanen habens de Hiericho milia XII; in ipsa Leuiada Moyses lapidem de uirga percussit et fluxerunt aquae; inde maior aqua exiit, quae ipsa Leuiada omnem inrigat; ibi habet dactalum Nicolaum maiorem, ibi et Moyses de saeculo transiuit, et ibi aquas calidas sunt, ubi Moyses lauit, et in ipsas aquas calidas leprosi curantur. 
20	In loco, ubi Domnus baptizatus est, ibi est una columna marmorea, et in ipsa columna facta est crux ferrea; ibi est et ecclesia sancti Iohannis Baptistae, quam fabricauit Anastasius imperator, quae ecclesia super cameras maiores excelsa 1 pergit G perrexit P perexit scripsi, Erit, Erlãut. eu Antonin p. 22 rigat P 3 in caelis om. G 4 mazi G b Ibi-recumbebat om. P 8 irrigat de fontana G 9 ferit P 1 G fert corr. 2. m. P agusto G medio ipso agro G 10 pascha G et in cena] exinde in c. G 11 illuc rectum PG illud collectum Gildemtister, illud sectum ipse 12 quem G 13 qua uitis P et exinde om. G 15 transmittitur-tempore om. G 16 leuida P iordanem est G habet G 17 leuida P procussit G 18 inde maior aqua exiit om. G ipsa leuida. P ipsam leuiadam G inrigant G habet] nascitur G 20 ibi et G aquas calidas P 1 G, aquae calidae corr, 2. m. P ubi et G 21 mundantur G 22 locum G 23 marmoria G 24 et ecclesia om. P, ecclesia 2. m. superscr . 25 qua P et excelsas G XXXVIIII Itin. Hlero.ol. 10 fabricata est pro Iordane, quando implet; in qua ecclesia monachi morantur, qui monachi senos solidos per annum de fisco accipiunt pro uita sua transigenda. Ubi Domnus baptizatus est trans Iordanem, ibi est mons modicus, qui appellatur Armona; [mons Tabor in Galilaea est] ibi sanctus Helias raptus est. Memoria sancti Helysei, ubi fontem illum benedixit, ibi est et super ipsa memoria ecclesia fabricata est. Abunde Domnus baptizatus est, usque ubi Iordanis in mare mortuo intrat, sunt milia V, et ipse est maris mortuus, ubi Sodoma et Gomorra dimersae sunt cum aliis tribus, quae quinque ciuitates fuerunt iuxta mare mortuum. Ibi est uxor Loth, quae facta est statua salis, et quomodo crescit luna, crescit et ipsa, et quomodo minuitur luna, diminuit et ipsa. 
21	 In montem Oliueti Domnus super lapidem humeros inposuit, in qua petra ambo humeri eius descenderunt sicut in cera molle, qui locus Ancona dicitur, ibi et ecclesia fabricata est, ubi prope est ecclesia, ubi sancta Tecla est, et ipse locus dicitur Bethfage. Inde pullus asinae, quem Domnus sedit, adductus est, cum quo intrauit de porta Beniamin in Hierusalem. 
22	 Ubi legitur: Maris, quare conturbatus es, et tu, Iordanis, quare conuersus es retrorsum, et uos, montes, quare gestistis sicut arietes, et uos, colles, sicut agni ouium? [ubi] circa Iordanem est, hoc est monticelli sunt multi, 20 Psalm. 113, 5. 6 2 per anno G de fisco om. P 3 pro] per G transegenda P1, traneigenda corr. 2. 1n . in ipso loco ubi G 4 trans ipsum iordanem G õ Verba: \'Mons Tabor (Abur P) in Galilaea est\' glossema prius in margiru ascriptum male irrepsisse recte iudicat Gildemeister monte tabur qui est in galilea G ubi G 6 helisei ibi est G 9 mortuo P 1 G, mortuum corr. 2. m. P miliaria G, et sic saepe maris mortuus P 1 G . mare mortuum corr, 2. m. P 10 sodome et gomurra G dimerserunt P cum alias tres G quam quinque P 1, quae qu. corr. 2. m . 11 mortuo G 13 se minuet luna, minuet ipsa G Hinc ordo in codicibus ualde turbatus est . 14 Item in monte oliueti, ubi G 16 molle om. G 19 de om. G portam G 20 mare G maris quae conturbatus est P 22 quare exultantes G 23 ubi om. G est hoc est om. G monticellos sunt multos G et quando Domnus ad baptismum descendit, ipsi montes ante ipsum ambulabant gestiendo et hodie uelut saltantes uidentur. 
23	Saraptha Sidoniae, quod scriptum est, in ipsa Fenice, secunda Syria, iuxta montem Carmelum. XII milia habet de Saraptha usque in Sidona et propter hoc dicta est Saraptha Sidoniae, quia ipso tempore metropolis erat Sidona a Saraptha, et modo Saraptha est metropolis. Ubi sanctus Helias missus est ad uiduam illam, quae eum pasceret, et filium eius suscitauit, ibi ecclesia sancti Heliae est, nam nomen mulieris non dicitur nisi tantummodo uidua. Lazarum, quem Domnus resuscitauit, scitur quia resuscitatus est, secundam mortem eius nemo cognouit. Hoc in Bethania contigit secundo miliario de Hierusalem et in resuscitatione sancti Lazari in ipso loco ante pascha dominico omnis populus congregat et missas celebrantur. 
24	In Arabia sunt ciuitates, quas Hiesu Naue destruxit, ubi manebant Amorrei, Gergesaei et Ferezei, tredecim, id est t Iuncta t Volumta, Medeua, t Musica, Filadelphia, Gerassa, t Genara. Vostra, Damasco, Gadara, Auila, Capitulia, t Astra. 
25	 Ubi est Hierusalem, prouincia Palestina dicitur, terra Chana, inde Galilaea, inde Syria, inde Mesopotamia. In sinistra Armenia prima et secunda Armenia et Persa Armenia, quae Armeniae sub imperatore sunt. 1 discendit ipso G 3 sarapha P 1, saraptha corr. 2. m . sarapta G felix PG Fenice emend. Gildemeister 4 suria G monte P 1 5 sidona P 1 G, sidonfi corr. 2. m. P 6 fuit G 7 ipsa est metropolis G helyaa P missus est sanctus G 8 quae] qui P 9 helei P 1, helisei corr. 2 m . mulieres G 11 secunda PG morte G 13 resurrectione G , 14 populos conuenet et ibi missas celebrant G 16 Item in arabia G cinitates XIII G hiesa, sed corr. ead. m. P iosue G nane om. G 17 gergessei G et om. G 18 iuncta P uincta G pro Musica susp. Sittl motha. An Maiudos? cf. Hierocl. synecd. 722, 8 19 gerana G, Nemara Sittl capitulia] aritoliada G Astra uidetur Adra uel Adrassos Hierocl. synecd. 722, 3. 723, 5 20 dicitur om. G chanac P ehanae G 21 suria G armoenia (sic semper) prima ,6, secunda P 22 que armenias G 23 imperatore littera s 2. m. addita P 10* 
26	 In prouincia Asia ciuitas Epheso, ubi sunt septem fratres dormientes et catulus Viricanus ad pedes eorum; nomina eorum id est: Achellidis, Diomedis, Eugenius, Stephanus, Probatus, Sabbatius et Quiriacus, quorum mater Caritina dicitur graece, latine Felicitas. Ibi est sanctus Timotheus, discipulus domni Pauli. 
27	 Iuxta montem Syna in Fara ciuitate, ibi sanctus Moyses cum Amalech pugnauit. De Hierusalem in Elusath mansiones III, de Elusath in Aila mansiones VII, quam ille Alexander Magnus Macedo fabricauit. De Aila usque in monte Syna mansiones VIII, si compendiaria uolueris ambulare per heremum, sin autem per Aegyptum, mansiones XXV. 
28	 Urbicius dicebatur praepositus imperii, qui ad septem imperatores praepositus fuit et coronas ipsis imperatoribus in capite ponebat et ipse eas de eorum capite deponebat et ipse eos castigabat. Est locus tertio miliario de Hierusalem ciuitate. Dum domna Maria mater Domni iret in Bethleem, descendit de asina et sedit super petram et benedixit eam. Ipse uero praepositus Urbicius ipsum lapidem incidit et fecit eum quadrum in modum altaris uolens eum Constantinopolim dirigere, et dum ad portam sancti Stephani ueniret, iam amplius eum mouere non potuit; quem lapidem unus iugus bonum ducebat, et dum uiderent, quia nullatenus potuerunt eum in antea 1 ibi G 2 catolus G uiricanis G hyrcanus Sittl 3 actellidis PG Achillides Gildemetster stefanus G 4 probatis P 1, corr. 2, m . sabbatis P caratina P 5 grecae corr. 2. m. P, latine corr. 2. m. P latini G 6 discipolus G 7 sina G infra ciuitatem PG in Fara ciuitate Sittl 8 abimelech PG Amalech Gildemeister eluzath P k heluzath G 9 III] XII (uel XIII) Sittl de glutinarinalia P de eluaath similiter G de Elusath in Aila Sittl 10 de illa PG De Ella (Aila) Sittl 11 compenzaria G uolueris tenire G heremo G 12 sin autem—XXV om. P 13 propositus G 14 propositus G imperatoribus om. G 15 ponebat] imponebat G de capite eorum G deponebus P 1, corr. 2. m . conseruabat G ipse-castigabat om. G 16 de ierosolima ciuitate locus est habens tertium miliarium G 17 ubi domna G dum iret G bethlem G 18 sedet G 21 ut dum G porta GPl, corr. 2 . m. stefani G 22 potuerunt G iogus G 23 in antea accidere G monere, reuocatus est ad sepulchrum Domini et ibi altaris de ipsa petra factus est et de ipso altare communicatur. Tamen post sepulchrum Domni est. Ipse uero Urbicius praepositus sub Anastasio imperatore Constantinopolim moritur et t obrierunt. Quem Urbicium terra non recepit, tertio eum sepulchrum foris iactauit. 
29	Fabricauit Anastasius in Mesopotamia prouincia ciuitatem, quae ciuitas Dara dicitur, tenet in longitudinem milia III propter Persos, quando in prouincia imperatoris ad praedandum ueniebant, ubi fossato figebant, quia aquae nullatenus inueniuntur nisi ibi; in qua ciuitate fluuius exit et ad capud ciuitatis mergit sub terra, quia ipse fluuius omnis muro cinctus est. Ciuitas Melitine in Persa Armenia est, ipsa est metropolis. 
30	 Alia ciuitas Arauisso, alia Cocusso, alia Germanicia. In Persida ubi iacet corpus sancti Danihelis, Susa dicitur, XXX milia de Babylonia; ibi sunt et tres pueri; in qua ciuitate habitatio hominum non est propter serpentes et ippocentauros. Hoc Eudoxius diaconus dixit, qui de ipsa prouincia est. 
31	Inuentio sanctae crucis, quando inuenta est ab Helena matre Constantini XVII. Kal. octobris, et per septem dies in Hierusalem ibi ad sepulchrum Domni missas celebrantur et ipsa crux ostenditur. I reuocata G altaris P 1, altare corr. 2. m. P 2 factus P 1, factum C, eoir. 2. m. P 3 orbicius G 4 et obrierunt om. G 5 sepulchris foras G 7 anastasius imperator G prouincia om. G ciuitatem om. P in longitudine G 9 cum uoce propter desinit G uno folio abscisso et quando b imperatores P1, corr. 2. m . predendum P 1, corr. 2. m . 10 ibi fossatum b aqua alibi non b 11 de qua ciuitate b et om. P 12 intra muros b 14 metellini P, om. b armoenia P ipse P 1, corr. 2. m . 15 arcauso P arauisa b Arabissus Gildemeister cocurso Pb Cocussus Gildemeister 16 ibi P dicitur ciuitas b XXX P XX miliaria habet de babilonia b 17 babyllonia P et om. b 18 epocentauros Pl, ipocentauros corr. 2. m. P 21 constantini VI nonas mai exaltatio s. crucis XVIII kal. octobris quando per ete, b 22 ibi om. b ad sanctum domini P missas P 1, missae corr. 2. m . misse b caelebrantur P, 
32	 In prouincia Cilicia Aegea dicitur ciuitas, ubi XL dies commercia geruntur et nemo de eis aliquid requirit; si post XL dies inuentus fuerit negotium gerere, fiscalia reddit. In prouincia Cilicia ciuitas Tharso, inde Apollonius fuit. De Tharso usque Adana ciuitate milia XXX. De Adana usque ad Masista XXX milia. De Masista usque ad Anasta .... usque Aegeas LX milia. De Aegeas usque ad Alexandria Scabiosa LX milia. Ab Alexandria Scabiosa usque Antiochia LX milia. De Antiochia usque in Quiro, ubi sunt sanctus Cosmas et Damianus, qui ibi et percussi sunt, milia LX. De Quiro usque Barbarisso, ubi sunt percussi sanctus Sergius et Bacco, milia LX. De Barbarisso usque ad Eneapoli ... in Calonico milia LXXX. De Calonico usque in Constantina milia LX. De Constantina in Edessa LXXX milia, ubi Abgarus rex, qui domino Christo scripsit, manebat. De Edessa usque in Dara CXX milia. De Dara in Amida LXXX milia, quae est ad fines Persarum. De Amida usque Ramusa milia XVIII. 1 cilitia P g post ubi erasum est P 2 commertia P requirit] reddit b si] set b 3 qui inuentua b fuerit om. b agere b fiscali P 4 ciuitas tarso in prouincia cilicie est unde b apollias P 1, apollonius b, 2. m. P; fortasse: apostolus Paulus 5 tarsa P de dana P de Adana-XXX om, b ad masista XXX omisso milia et sic deinceps 7, 8, 9, 10 etc. P 7 LX P miliaria b, om. numero 8 grauiosa Pb Scabiosa Gildemeister Scabiosa] cauto causa P, om. b anthiocia P antiochiam 9 miliaria LX b 10 qui ibi passi sunt b miliaria LX b 11 passi sunt b sergis P 1, corr. 2 . m. 12 baccus b usque ad om. b heneapoli P creapoli b Hierapoli Gildemeister 13 canolico P calenico b Callinico Gildemeister in om. b 14 milia LX] miliaria nonaginta b dessa P edissa b miliaria LXXX b 15 rex fuit b qui om. P manebat om. P usque in amiada b 16 amiada Pb miliaria LXXX b 17 ramussa b XVIII P miliaria decem et nouem b EXPLICIT P, sequitur: In prouintiis gallicanis quae ciuitates sintJ tif. JRiese, geographi lat. min. proleg. p. XXXVI . 
